{
    "name": "Human Fusion",
    "customer_name": "Human Fusion",
    "customer_legal_name": "HumanFusion - Dance for Fitness Pty Ltd",
    "app_name": "HumanFusion",
    "mobile_customer_id": "humanfusion",

    "identifiers": {
        "development": "HUMAP1",
        "staging": "HUMAP1",
        "production_insecure": "HUMAP5",
        "production": "HUMAP5"
    },
    "marketing_url": "www.foxyfusion.com.au/theapp",
    "support_email": "support@humanfusion.com.au",

    "theme": {
        "primary_color_css": "bd0202",
        "secondary_color_css": "282928",
        "text_font_name": "HelveticaNeue",
        "text_bold_font_name": "HelveticaNeue-Bold",
        "text_italic_font_name": "HelveticaNeue-Italic",
        "text_bolditalic_font_name": "HelveticaNeue-BoldItalic",
        "icon_font_name": "cc-icons-1"
    },

    "features": {
        "any": {
        },

        "debug": {
        },

        "alpha": {
        },

        "beta": {
        },

        "rc": {
        },

        "production": {
        }
    },

    "keys": {
        "any": {
        },

        "debug": {
        },

        "alpha": {
        },

        "beta": {
        },

        "rc": {
        },

        "production": {
        }
    }
}