{
    "headers": {
        "customer": "YF"
    },

    "theme": {
        "version": 1,
        "id": 1,

        "common": {
            "primaryColor": "#782e7d"
        },

        "mobile": {

            "background": {
                "primary": {
                    "hex": "#fff"
                },
                "secondary": {
                    "hex": "#fff",
                    "alpha": 0
                }
            },

            "buttons": {
                "primary": {
                    "normal": {
                        "backgroundColor": {
                            "hex": "#782e7d"
                        },
                        "radius": 3,
                        "textColor": {
                            "hex": "#fff"
                        }
                    },
                    "highlighted": {
                        "backgroundColor": {
                            "hex": "#782e7d",
                            "alpha": 0.6
                        },
                        "textColor": {
                            "hex": "#fff",
                            "alpha": 0.6
                        }
                    },
                    "disabled": {
                        "backgroundColor": {
                            "hex": "#782e7d",
                            "alpha": 0.3
                        },
                        "textColor": {
                            "hex": "#fff",
                            "alpha": 0.3
                        }
                    }
                },
                "secondary": {
                    "normal": {
                        "backgroundColor": {
                            "hex": "#fff",
                            "alpha": 0
                        },
                        "radius": 0,
                        "textColor": {
                            "hex": "#782e7d"
                        }
                    },
                    "highlighted": {
                        "backgroundColor": {
                            "hex": "#fff",
                            "alpha": 0
                        },
                        "radius": 0,
                        "textColor": {
                            "hex": "#782e7d",
                            "alpha": 0.6

                        }
                    },
                    "disabled": {
                        "backgroundColor": {
                            "hex": "#fff",
                            "alpha": 0
                        },
                        "radius": 0,
                        "textColor": {
                            "hex": "#782e7d",
                            "alpha": 0.3
                        }
                    }
                },
                "tertiary": {
                    "normal": {
                        "backgroundColor": {
                            "hex": "#c5c5c5",
                            "alpha": 0.5
                        },
                        "radius": 0,
                        "textColor": {
                            "hex": "#fff"
                        }
                    },
                    "highlighted": {
                        "backgroundColor": {
                            "hex": "#c5c5c5",
                            "alpha": 0.5
                        },
                        "radius": 0,
                        "textColor": {
                            "hex": "#fff",
                            "alpha": 0.6

                        }
                    },
                    "disabled": {
                        "backgroundColor": {
                            "hex": "#c5c5c5",
                            "alpha": 0.5
                        },
                        "radius": 0,
                        "textColor": {
                            "hex": "#fff",
                            "alpha": 0.3
                        }
                    }
                },
                "sync": {
                    "normal": {
                        "backgroundColor": {
                            "hex": "#d38543"
                        },
                        "radius": 3,
                        "textColor": {
                            "hex": "#fff"
                        }
                    },
                    "highlighted": {
                        "backgroundColor": {
                            "hex": "#d38543",
                            "alpha": 0.6
                        },
                        "textColor": {
                            "hex": "#fff",
                            "alpha": 0.6
                        }
                    },
                    "disabled": {
                        "backgroundColor": {
                            "hex": "#d38543",
                            "alpha": 0.3
                        },
                        "textColor": {
                            "hex": "#fff",
                            "alpha": 0.3
                        }
                    }
                },
                "detail_text": {
                    "normal": {
                        "backgroundColor": {
                            "hex": "#fff",
                            "alpha": 1
                        },
                        "radius": 0,
                        "textColor": {
                            "hex": "#fff"
                        }
                    },
                    "highlighted": {
                        "backgroundColor": {
                            "hex": "#fff",
                            "alpha": 1
                        },
                        "radius": 0,
                        "textColor": {
                            "hex": "#fff",
                            "alpha": 0.6
                        }
                    },
                    "disabled": {
                        "backgroundColor": {
                            "hex": "#fff",
                            "alpha": 1
                        },
                        "radius": 0,
                        "textColor": {
                            "hex": "#fff",
                            "alpha": 0.3
                        }
                    }
                },
                "detail_icon": {
                    "normal": {
                        "backgroundColor": {
                            "hex": "#fff",
                            "alpha": 1
                        },
                        "radius": 0,
                        "textColor": {
                            "hex": "#fff"
                        }
                    },
                    "highlighted": {
                        "backgroundColor": {
                            "hex": "#fff",
                            "alpha": 1
                        },
                        "radius": 0,
                        "textColor": {
                            "hex": "#fff",
                            "alpha": 0.6
                        }
                    },
                    "disabled": {
                        "backgroundColor": {
                            "hex": "#fff",
                            "alpha": 1
                        },
                        "radius": 0,
                        "textColor": {
                            "hex": "#fff",
                            "alpha": 0.3
                        }
                    }
                },
                "exercise_icon": {
                    "normal": {
                        "backgroundColor": {
                            "hex": "#fff",
                            "alpha": 0
                        },
                        "radius": 0,
                        "textColor": {
                            "hex": "#fff"
                        }
                    },
                    "highlighted": {
                        "backgroundColor": {
                            "hex": "#fff",
                            "alpha": 0
                        },
                        "radius": 0,
                        "textColor": {
                            "hex": "#fff",
                            "alpha": 0.6
                        }
                    },
                    "disabled": {
                        "backgroundColor": {
                            "hex": "#fff",
                            "alpha": 0
                        },
                        "radius": 0,
                        "textColor": {
                            "hex": "#fff",
                            "alpha": 0.3
                        }
                    }
                },
                "audio_icon": {
                    "normal": {
                        "backgroundColor": {
                            "hex": "#fff",
                            "alpha": 0
                        },
                        "radius": 0,
                        "textColor": {
                            "hex": "#fff"
                        }
                    },
                    "highlighted": {
                        "backgroundColor": {
                            "hex": "#fff",
                            "alpha": 0
                        },
                        "radius": 0,
                        "textColor": {
                            "hex": "#fff",
                            "alpha": 0.6
                        }
                    },
                    "disabled": {
                        "backgroundColor": {
                            "hex": "#fff",
                            "alpha": 0
                        },
                        "radius": 0,
                        "textColor": {
                            "hex": "#fff",
                            "alpha": 0.3
                        }
                    }
                },
                "audio_dock_icon": {
                    "normal": {
                        "backgroundColor": {
                            "hex": "#fff",
                            "alpha": 0
                        },
                        "radius": 0,
                        "textColor": {
                            "hex": "#782e7d"
                        }
                    },
                    "highlighted": {
                        "backgroundColor": {
                            "hex": "#fff",
                            "alpha": 0
                        },
                        "radius": 0,
                        "textColor": {
                            "hex": "#782e7d",
                            "alpha": 0.6
                        }
                    },
                    "disabled": {
                        "backgroundColor": {
                            "hex": "#fff",
                            "alpha": 0
                        },
                        "radius": 0,
                        "textColor": {
                            "hex": "#782e7d",
                            "alpha": 0.3
                        }
                    }
                },
                "audio_icon_primary": {
                    "normal": {
                        "backgroundColor": {
                            "hex": "#fff",
                            "alpha": 0
                        },
                        "radius": 0,
                        "textColor": {
                            "hex": "#fff"
                        }
                    },
                    "highlighted": {
                        "backgroundColor": {
                            "hex": "#fff",
                            "alpha": 0
                        },
                        "radius": 0,
                        "textColor": {
                            "hex": "#fff",
                            "alpha": 0.6
                        }
                    },
                    "disabled": {
                        "backgroundColor": {
                            "hex": "#fff",
                            "alpha": 0
                        },
                        "radius": 0,
                        "textColor": {
                            "hex": "#fff",
                            "alpha": 0.3
                        }
                    }
                },
                "audio_icon_secondary": {
                    "normal": {
                        "backgroundColor": {
                            "hex": "#fff",
                            "alpha": 0
                        },
                        "radius": 0,
                        "textColor": {
                            "hex": "#fff"
                        }
                    },
                    "highlighted": {
                        "backgroundColor": {
                            "hex": "#fff",
                            "alpha": 0
                        },
                        "radius": 0,
                        "textColor": {
                            "hex": "#fff",
                            "alpha": 0.6
                        }
                    },
                    "disabled": {
                        "backgroundColor": {
                            "hex": "#fff",
                            "alpha": 0
                        },
                        "radius": 0,
                        "textColor": {
                            "hex": "#fff",
                            "alpha": 0.3
                        }
                    }
                },
                "link": {
                    "normal": {
                        "backgroundColor": {
                            "hex": "#fff",
                            "alpha": 0
                        },
                        "radius": 0,
                        "textColor": {
                            "hex": "#782e7d"
                        }
                    },
                    "highlighted": {
                        "backgroundColor": {
                            "hex": "#fff",
                            "alpha": 0
                        },
                        "radius": 0,
                        "textColor": {
                            "hex": "#782e7d",
                            "alpha": 0.6

                        }
                    },
                    "disabled": {
                        "backgroundColor": {
                            "hex": "#fff",
                            "alpha": 0
                        },
                        "radius": 0,
                        "textColor": {
                            "hex": "#782e7d",
                            "alpha": 0.3
                        }
                    }
                },
                "navigation_icon_primary": {
                    "normal": {
                        "backgroundColor": {
                            "hex": "#fff",
                            "alpha": 0
                        },
                        "radius": 0,
                        "textColor": {
                            "hex": "#782e7d"
                        }
                    },
                    "highlighted": {
                        "backgroundColor": {
                            "hex": "#fff",
                            "alpha": 0
                        },
                        "textColor": {
                            "hex": "#782e7d",
                            "alpha": 0.6
                        }
                    },
                    "disabled": {
                        "backgroundColor": {
                            "hex": "#fff",
                            "alpha": 0
                        },
                        "textColor": {
                            "hex": "#782e7d",
                            "alpha": 0.3
                        }
                    }
                },

                "navigation_icon_secondary": {
                    "normal": {
                        "backgroundColor": {
                            "hex": "#fff",
                            "alpha": 0
                        },
                        "radius": 0,
                        "textColor": {
                            "hex": "#fff"
                        }
                    },
                    "highlighted": {
                        "backgroundColor": {
                            "hex": "#fff",
                            "alpha": 0
                        },
                        "textColor": {
                            "hex": "#fff",
                            "alpha": 0.6
                        }
                    },
                    "disabled": {
                        "backgroundColor": {
                            "hex": "#fff",
                            "alpha": 0
                        },
                        "textColor": {
                            "hex": "#fff",
                            "alpha": 0.3
                        }
                    }
                }
            },

            "fields": {
                "text": {
                    "normal": {
                        "backgroundColor": {
                            "hex": "#f9f9f9"
                        },
                        "border": {
                            "width": 1,
                            "color": {
                                "hex": "#ccc"
                            }
                        },
                        "edgeInset": 13,
                        "radius": 3,
                        "placeholderTextColor": {
                            "hex": "#b6b6b6"
                        },
                        "textColor": {
                            "hex": "#333"
                        }
                    }
                }
            },

            "fonts": {
                "body": {
                    "name": "YanoneKaffeesatz-Regular"
                },

                "buttons": {
                    "name": "YanoneKaffeesatz-Regular",
                    "size": 21
                },

                "buttons_link": {
                    "name": "YanoneKaffeesatz-Regular",
                    "size": 18
                },

                "buttons_navigation_icon_primary": {
                    "name": "cc-icons-1",
                    "size": 23
                },

                "buttons_navigation_icon_secondary": {
                    "name": "cc-icons-1",
                    "size": 23
                },

                "buttons_detail_icon": {
                    "name": "cc-icons-1",
                    "size": 21
                },

                "buttons_exercise_icon": {
                    "name": "cc-icons-1",
                    "size": 21
                },

                "field_label": {
                    "name": "YanoneKaffeesatz-Light",
                    "size": 16
                },

                "fields_text": {
                    "name": "YanoneKaffeesatz-Light",
                    "size": 16
                },

                "fields_text_placeholder": {
                    "name": "YanoneKaffeesatz-Light",
                    "size": 16
                },

                "message_title": {
                    "name": "YanoneKaffeesatz-Light",
                    "size": 31
                },

                "message_body": {
                    "name": "YanoneKaffeesatz-Light",
                    "size": 19
                },

                "navigation": {
                    "name": "YanoneKaffeesatz-Regular",
                    "size": 23
                },

                "welcome": {
                    "name": "YanoneKaffeesatz-Regular",
                    "size": 16
                },

                "icons": {
                    "name": "cc-icons-1",
                    "size": 16
                },

                "detail_title": {
                    "name": "YanoneKaffeesatz-Regular",
                    "size": 23
                },

                "detail_subtitle": {
                    "name": "YanoneKaffeesatz-Regular",
                    "size": 18
                },

                "detail_text": {
                    "name": "YanoneKaffeesatz-Regular",
                    "size": 21
                },

                "detail_icon": {
                    "name": "cc-icons-1",
                    "size": 21
                },

                "position": {
                    "name": "YanoneKaffeesatz-Light",
                    "size": 23
                },

                "routine_name": {
                    "name": "YanoneKaffeesatz-Light",
                    "size": 18
                },

                "track_name": {
                    "name": "YanoneKaffeesatz-Light",
                    "size": 16
                },

                "duration": {
                    "name": "YanoneKaffeesatz-Light",
                    "size": 16
                },

                "exercise_title": {
                    "name": "YanoneKaffeesatz-Light",
                    "size": 21
                },

                "exercise_track_title": {
                    "name": "YanoneKaffeesatz-Light",
                    "size": 17
                },

                "exercise_detail_title": {
                    "name": "YanoneKaffeesatz-Light",
                    "size": 17
                },

                "exercise_detail_notes": {
                    "name": "YanoneKaffeesatz-Light",
                    "size": 17
                },

                "audio_timer": {
                    "name": "YanoneKaffeesatz-Light",
                    "size": 71
                },

                "audio_track_title": {
                    "name": "YanoneKaffeesatz-Light",
                    "size": 27
                },

                "audio_album": {
                    "name": "YanoneKaffeesatz-Light",
                    "size": 17
                },

                "buttons_audio_icon": {
                    "name": "cc-icons-1",
                    "size": 31
                },

                "buttons_audio_dock_icon": {
                    "name": "cc-icons-1",
                    "size": 31
                },

                "buttons_audio_icon_secondary": {
                    "name": "cc-icons-1",
                    "size": 39
                },

                "buttons_audio_icon_primary": {
                    "name": "cc-icons-1",
                    "size": 59
                },

                "audio_dock": {
                    "name": "YanoneKaffeesatz-Light",
                    "size": 17
                },

                "settings_standard": {
                    "name": "YanoneKaffeesatz-Regular",
                    "size": 17
                },

                "settings_important": {
                    "name": "YanoneKaffeesatz-Regular",
                    "size": 17
                },

                "settings_icon_standard": {
                    "name": "cc-icons-1",
                    "size": 17
                },

                "settings_icon_important": {
                    "name": "cc-icons-1",
                    "size": 17
                },

                "profile_primary": {
                    "name": "YanoneKaffeesatz-Regular",
                    "size": 23
                },

                "profile_secondary": {
                    "name": "YanoneKaffeesatz-Regular",
                    "size": 15
                },

                "profile_tertiary": {
                    "name": "YanoneKaffeesatz-Regular",
                    "size": 21
                }

            }
        },

        "web": {
            "logos": {
                "standard": {
                    "url": "example.com/standard.png"
                }
            }
        }
    }
}