{
    "application": {
        "name": "KettleWorXPro",
        "id": "KX",
        "customer_name": "KettleWorX Pro",
        "app_store_build": false
    },

    "keys": {
        "testflight": "2e6e2f2a-55e4-4d4f-a806-7b0280fe370c",
        "parse_application": "wo7hQcHagBS8Weig2xB94jwLdlhvfvXhI68vrUTM",
        "parse_client": "QvZuAwvUDekeEjfWVaBPIRtRSzQx5DQz6FSCTvkQ",
        "crashlytics": "61b1074986d852a613cdbddc43992fa8197cb1d3",
        "segmentio": "cilnqvsxk7"
    },

    "endpoints": {
        "mobile_api": "sqcore-development.herokuapp.com",
        "secure": false
    },

    "settings": {
        "grace_hours": 168,
        "grace_final_hours": 24
    },

    "features": {
        "subscription": true
    }

}