{
    "application": {
        "name": "KettleWorXPro",
        "id": "KX",
        "customer_name": "KettleWorX Pro",
        "app_store_build": false
    },

    "keys": {
        "testflight": "2e6e2f2a-55e4-4d4f-a806-7b0280fe370c",
        "parse_application": "su32WJm9ahHlkVTcmrs19qKaJ1vEnzOS6rvu4fHQ",
        "parse_client": "LsJzCL0IbxMfvmx0HSgNHLDlpZuWe62rdhK6Km99",
        "crashlytics": "61b1074986d852a613cdbddc43992fa8197cb1d3",
        "segmentio": "tapktq9w7l"
    },

    "endpoints": {
        "mobile_api": "sqcore-staging.herokuapp.com",
        "secure": false
    },

    "settings": {
        "grace_hours": 168,
        "grace_final_hours": 24
    },

    "features": {
        "subscription": true
    }

}