{"result": true, "response": {
    "about": {
        "title": "About IOM",
        "body": "Art only",
        "artwork_urls": {
            "128x72": "https://d3bbszfwhw5w45.cloudfront.net/sqcore/Simplecue/Assignment/7634/128x72/d9f4f5650ec6bdb01178075b7e550327.jpg",
            "640x360": "https://d3bbszfwhw5w45.cloudfront.net/sqcore/Simplecue/Assignment/7634/640x360/d9f4f5650ec6bdb01178075b7e550327.jpg",
            "1024x576": "https://d3bbszfwhw5w45.cloudfront.net/sqcore/Simplecue/Assignment/7634/1024x576/d9f4f5650ec6bdb01178075b7e550327.jpg"
        },
        "video_url": null,
        "sections": [
            {
                "title": "Introduction",
                "section_children": [
                    {
                        "title": "Program Design using the 4 Quadrants",
                        "body": "Art and Video",
                        "artwork_urls": {
                            "128x72": "https://d3bbszfwhw5w45.cloudfront.net/sqcore/Simplecue/Assignment/7634/128x72/d9f4f5650ec6bdb01178075b7e550327.jpg",
                            "640x360": "https://d3bbszfwhw5w45.cloudfront.net/sqcore/Simplecue/Assignment/7634/640x360/d9f4f5650ec6bdb01178075b7e550327.jpg",
                            "1024x576": "https://d3bbszfwhw5w45.cloudfront.net/sqcore/Simplecue/Assignment/7634/1024x576/d9f4f5650ec6bdb01178075b7e550327.jpg"
                        },
                        "video_url": "http://d3bbszfwhw5w45.cloudfront.net/sqcore/IOMP/assets/7633/playlist.m3u8",
                        "sections": [
                            {
                                "title": "Lower Detail",
                                "section_children": [
                                    {
                                        "title": "Full No Children",
                                        "body": "Lorem ipsum dolor sit amet, consectetur adipiscing elit. Phasellus non nunc porttitor, feugiat neque in, placerat mauris. Aliquam auctor mollis purus, et dignissim velit aliquet eu. Maecenas non turpis tristique, consequat odio quis, condimentum arcu. Aenean egestas erat in sollicitudin pretium. Proin eget mauris a enim placerat congue. Proin imperdiet mollis mauris, et elementum lorem pretium et. Morbi consequat diam nec nisi condimentum elementum.Lorem ipsum dolor sit amet, consectetur adipiscing elit. Phasellus non nunc porttitor, feugiat neque in, placerat mauris. Aliquam auctor mollis purus, et dignissim velit aliquet eu. Maecenas non turpis tristique, consequat odio quis, condimentum arcu. Aenean egestas erat in sollicitudin pretium. Proin eget mauris a enim placerat congue. Proin imperdiet mollis mauris, et elementum lorem pretium et. Morbi consequat diam nec nisi condimentum elementum.Lorem ipsum dolor sit amet, consectetur adipiscing elit. Phasellus non nunc porttitor, feugiat neque in, placerat mauris. Aliquam auctor mollis purus, et dignissim velit aliquet eu. Maecenas non turpis tristique, consequat odio quis, condimentum arcu. Aenean egestas erat in sollicitudin pretium. Proin eget mauris a enim placerat congue. Proin imperdiet mollis mauris, et elementum lorem pretium et. Morbi consequat diam nec nisi condimentum elementum.Lorem ipsum dolor sit amet, consectetur adipiscing elit. Phasellus non nunc porttitor, feugiat neque in, placerat mauris. Aliquam auctor mollis purus, et dignissim velit aliquet eu. Maecenas non turpis tristique, consequat odio quis, condimentum arcu. Aenean egestas erat in sollicitudin pretium. Proin eget mauris a enim placerat congue. Proin imperdiet mollis mauris, et elementum lorem pretium et. Morbi consequat diam nec nisi condimentum elementum.Lorem ipsum dolor sit amet, consectetur adipiscing elit. Phasellus non nunc porttitor, feugiat neque in, placerat mauris. Aliquam auctor mollis purus, et dignissim velit aliquet eu. Maecenas non turpis tristique, consequat odio quis, condimentum arcu. Aenean egestas erat in sollicitudin pretium. Proin eget mauris a enim placerat congue. Proin imperdiet mollis mauris, et elementum lorem pretium et. Morbi consequat diam nec nisi condimentum elementum.Lorem ipsum dolor sit amet, consectetur adipiscing elit. Phasellus non nunc porttitor, feugiat neque in, placerat mauris. Aliquam auctor mollis purus, et dignissim velit aliquet eu. Maecenas non turpis tristique, consequat odio quis, condimentum arcu. Aenean egestas erat in sollicitudin pretium. Proin eget mauris a enim placerat congue. Proin imperdiet mollis mauris, et elementum lorem pretium et. Morbi consequat diam nec nisi condimentum elementum.Lorem ipsum dolor sit amet, consectetur adipiscing elit. Phasellus non nunc porttitor, feugiat neque in, placerat mauris. Aliquam auctor mollis purus, et dignissim velit aliquet eu. Maecenas non turpis tristique, consequat odio quis, condimentum arcu. Aenean egestas erat in sollicitudin pretium. Proin eget mauris a enim placerat congue. Proin imperdiet mollis mauris, et elementum lorem pretium et. Morbi consequat diam nec nisi condimentum elementum.Lorem ipsum dolor sit amet, consectetur adipiscing elit. Phasellus non nunc porttitor, feugiat neque in, placerat mauris. Aliquam auctor mollis purus, et dignissim velit aliquet eu. Maecenas non turpis tristique, consequat odio quis, condimentum arcu. Aenean egestas erat in sollicitudin pretium. Proin eget mauris a enim placerat congue. Proin imperdiet mollis mauris, et elementum lorem pretium et. Morbi consequat diam nec nisi condimentum elementum.Lorem ipsum dolor sit amet, consectetur adipiscing elit. Phasellus non nunc porttitor, feugiat neque in, placerat mauris. Aliquam auctor mollis purus, et dignissim velit aliquet eu. Maecenas non turpis tristique, consequat odio quis, condimentum arcu. Aenean egestas erat in sollicitudin pretium. Proin eget mauris a enim placerat congue. Proin imperdiet mollis mauris, et elementum lorem pretium et. Morbi consequat diam nec nisi condimentum elementum.Lorem ipsum dolor sit amet, consectetur adipiscing elit. Phasellus non nunc porttitor, feugiat neque in, placerat mauris. Aliquam auctor mollis purus, et dignissim velit aliquet eu. Maecenas non turpis tristique, consequat odio quis, condimentum arcu. Aenean egestas erat in sollicitudin pretium. Proin eget mauris a enim placerat congue. Proin imperdiet mollis mauris, et elementum lorem pretium et. Morbi consequat diam nec nisi condimentum elementum.Lorem ipsum dolor sit amet, consectetur adipiscing elit. Phasellus non nunc porttitor, feugiat neque in, placerat mauris. Aliquam auctor mollis purus, et dignissim velit aliquet eu. Maecenas non turpis tristique, consequat odio quis, condimentum arcu. Aenean egestas erat in sollicitudin pretium. Proin eget mauris a enim placerat congue. Proin imperdiet mollis mauris, et elementum lorem pretium et. Morbi consequat diam nec nisi condimentum elementum.Lorem ipsum dolor sit amet, consectetur adipiscing elit. Phasellus non nunc porttitor, feugiat neque in, placerat mauris. Aliquam auctor mollis purus, et dignissim velit aliquet eu. Maecenas non turpis tristique, consequat odio quis, condimentum arcu. Aenean egestas erat in sollicitudin pretium. Proin eget mauris a enim placerat congue. Proin imperdiet mollis mauris, et elementum lorem pretium et. Morbi consequat diam nec nisi condimentum elementum.Lorem ipsum dolor sit amet, consectetur adipiscing elit. Phasellus non nunc porttitor, feugiat neque in, placerat mauris. Aliquam auctor mollis purus, et dignissim velit aliquet eu. Maecenas non turpis tristique, consequat odio quis, condimentum arcu. Aenean egestas erat in sollicitudin pretium. Proin eget mauris a enim placerat congue. Proin imperdiet mollis mauris, et elementum lorem pretium et. Morbi consequat diam nec nisi condimentum elementum.Lorem ipsum dolor sit amet, consectetur adipiscing elit. Phasellus non nunc porttitor, feugiat neque in, placerat mauris. Aliquam auctor mollis purus, et dignissim velit aliquet eu. Maecenas non turpis tristique, consequat odio quis, condimentum arcu. Aenean egestas erat in sollicitudin pretium. Proin eget mauris a enim placerat congue. Proin imperdiet mollis mauris, et elementum lorem pretium et. Morbi consequat diam nec nisi condimentum elementum.Lorem ipsum dolor sit amet, consectetur adipiscing elit. Phasellus non nunc porttitor, feugiat neque in, placerat mauris. Aliquam auctor mollis purus, et dignissim velit aliquet eu. Maecenas non turpis tristique, consequat odio quis, condimentum arcu. Aenean egestas erat in sollicitudin pretium. Proin eget mauris a enim placerat congue. Proin imperdiet mollis mauris, et elementum lorem pretium et. Morbi consequat diam nec nisi condimentum elementum.Lorem ipsum dolor sit amet, consectetur adipiscing elit. Phasellus non nunc porttitor, feugiat neque in, placerat mauris. Aliquam auctor mollis purus, et dignissim velit aliquet eu. Maecenas non turpis tristique, consequat odio quis, condimentum arcu. Aenean egestas erat in sollicitudin pretium. Proin eget mauris a enim placerat congue. Proin imperdiet mollis mauris, et elementum lorem pretium et. Morbi consequat diam nec nisi condimentum elementum.Lorem ipsum dolor sit amet, consectetur adipiscing elit. Phasellus non nunc porttitor, feugiat neque in, placerat mauris. Aliquam auctor mollis purus, et dignissim velit aliquet eu. Maecenas non turpis tristique, consequat odio quis, condimentum arcu. Aenean egestas erat in sollicitudin pretium. Proin eget mauris a enim placerat congue. Proin imperdiet mollis mauris, et elementum lorem pretium et. Morbi consequat diam nec nisi condimentum elementum.Lorem ipsum dolor sit amet, consectetur adipiscing elit. Phasellus non nunc porttitor, feugiat neque in, placerat mauris. Aliquam auctor mollis purus, et dignissim velit aliquet eu. Maecenas non turpis tristique, consequat odio quis, condimentum arcu. Aenean egestas erat in sollicitudin pretium. Proin eget mauris a enim placerat congue. Proin imperdiet mollis mauris, et elementum lorem pretium et. Morbi consequat diam nec nisi condimentum elementum.Lorem ipsum dolor sit amet, consectetur adipiscing elit. Phasellus non nunc porttitor, feugiat neque in, placerat mauris. Aliquam auctor mollis purus, et dignissim velit aliquet eu. Maecenas non turpis tristique, consequat odio quis, condimentum arcu. Aenean egestas erat in sollicitudin pretium. Proin eget mauris a enim placerat congue. Proin imperdiet mollis mauris, et elementum lorem pretium et. Morbi consequat diam nec nisi condimentum elementum.Lorem ipsum dolor sit amet, consectetur adipiscing elit. Phasellus non nunc porttitor, feugiat neque in, placerat mauris. Aliquam auctor mollis purus, et dignissim velit aliquet eu. Maecenas non turpis tristique, consequat odio quis, condimentum arcu. Aenean egestas erat in sollicitudin pretium. Proin eget mauris a enim placerat congue. Proin imperdiet mollis mauris, et elementum lorem pretium et. Morbi consequat diam nec nisi condimentum elementum.Lorem ipsum dolor sit amet, consectetur adipiscing elit. Phasellus non nunc porttitor, feugiat neque in, placerat mauris. Aliquam auctor mollis purus, et dignissim velit aliquet eu. Maecenas non turpis tristique, consequat odio quis, condimentum arcu. Aenean egestas erat in sollicitudin pretium. Proin eget mauris a enim placerat congue. Proin imperdiet mollis mauris, et elementum lorem pretium et. Morbi consequat diam nec nisi condimentum elementum.",
                                        "artwork_urls": null,
                                        "video_url": null
                                    }
                                ]
                            },
                            {
                                "title": "Beer Good",
                                "section_children": [
                                    {
                                        "title": "Full No Children",
                                        "body": "Lorem ipsum dolor sit amet, consectetur adipiscing elit. Phasellus non nunc porttitor, feugiat neque in, placerat mauris. Aliquam auctor mollis purus, et dignissim velit aliquet eu. Maecenas non turpis tristique, consequat odio quis, condimentum arcu. Aenean egestas erat in sollicitudin pretium. Proin eget mauris a enim placerat congue. Proin imperdiet mollis mauris, et elementum lorem pretium et. Morbi consequat diam nec nisi condimentum elementum.Lorem ipsum dolor sit amet, consectetur adipiscing elit. Phasellus non nunc porttitor, feugiat neque in, placerat mauris. Aliquam auctor mollis purus, et dignissim velit aliquet eu. Maecenas non turpis tristique, consequat odio quis, condimentum arcu. Aenean egestas erat in sollicitudin pretium. Proin eget mauris a enim placerat congue. Proin imperdiet mollis mauris, et elementum lorem pretium et. Morbi consequat diam nec nisi condimentum elementum.Lorem ipsum dolor sit amet, consectetur adipiscing elit. Phasellus non nunc porttitor, feugiat neque in, placerat mauris. Aliquam auctor mollis purus, et dignissim velit aliquet eu. Maecenas non turpis tristique, consequat odio quis, condimentum arcu. Aenean egestas erat in sollicitudin pretium. Proin eget mauris a enim placerat congue. Proin imperdiet mollis mauris, et elementum lorem pretium et. Morbi consequat diam nec nisi condimentum elementum.Lorem ipsum dolor sit amet, consectetur adipiscing elit. Phasellus non nunc porttitor, feugiat neque in, placerat mauris. Aliquam auctor mollis purus, et dignissim velit aliquet eu. Maecenas non turpis tristique, consequat odio quis, condimentum arcu. Aenean egestas erat in sollicitudin pretium. Proin eget mauris a enim placerat congue. Proin imperdiet mollis mauris, et elementum lorem pretium et. Morbi consequat diam nec nisi condimentum elementum.Lorem ipsum dolor sit amet, consectetur adipiscing elit. Phasellus non nunc porttitor, feugiat neque in, placerat mauris. Aliquam auctor mollis purus, et dignissim velit aliquet eu. Maecenas non turpis tristique, consequat odio quis, condimentum arcu. Aenean egestas erat in sollicitudin pretium. Proin eget mauris a enim placerat congue. Proin imperdiet mollis mauris, et elementum lorem pretium et. Morbi consequat diam nec nisi condimentum elementum.Lorem ipsum dolor sit amet, consectetur adipiscing elit. Phasellus non nunc porttitor, feugiat neque in, placerat mauris. Aliquam auctor mollis purus, et dignissim velit aliquet eu. Maecenas non turpis tristique, consequat odio quis, condimentum arcu. Aenean egestas erat in sollicitudin pretium. Proin eget mauris a enim placerat congue. Proin imperdiet mollis mauris, et elementum lorem pretium et. Morbi consequat diam nec nisi condimentum elementum.Lorem ipsum dolor sit amet, consectetur adipiscing elit. Phasellus non nunc porttitor, feugiat neque in, placerat mauris. Aliquam auctor mollis purus, et dignissim velit aliquet eu. Maecenas non turpis tristique, consequat odio quis, condimentum arcu. Aenean egestas erat in sollicitudin pretium. Proin eget mauris a enim placerat congue. Proin imperdiet mollis mauris, et elementum lorem pretium et. Morbi consequat diam nec nisi condimentum elementum.Lorem ipsum dolor sit amet, consectetur adipiscing elit. Phasellus non nunc porttitor, feugiat neque in, placerat mauris. Aliquam auctor mollis purus, et dignissim velit aliquet eu. Maecenas non turpis tristique, consequat odio quis, condimentum arcu. Aenean egestas erat in sollicitudin pretium. Proin eget mauris a enim placerat congue. Proin imperdiet mollis mauris, et elementum lorem pretium et. Morbi consequat diam nec nisi condimentum elementum.Lorem ipsum dolor sit amet, consectetur adipiscing elit. Phasellus non nunc porttitor, feugiat neque in, placerat mauris. Aliquam auctor mollis purus, et dignissim velit aliquet eu. Maecenas non turpis tristique, consequat odio quis, condimentum arcu. Aenean egestas erat in sollicitudin pretium. Proin eget mauris a enim placerat congue. Proin imperdiet mollis mauris, et elementum lorem pretium et. Morbi consequat diam nec nisi condimentum elementum.Lorem ipsum dolor sit amet, consectetur adipiscing elit. Phasellus non nunc porttitor, feugiat neque in, placerat mauris. Aliquam auctor mollis purus, et dignissim velit aliquet eu. Maecenas non turpis tristique, consequat odio quis, condimentum arcu. Aenean egestas erat in sollicitudin pretium. Proin eget mauris a enim placerat congue. Proin imperdiet mollis mauris, et elementum lorem pretium et. Morbi consequat diam nec nisi condimentum elementum.Lorem ipsum dolor sit amet, consectetur adipiscing elit. Phasellus non nunc porttitor, feugiat neque in, placerat mauris. Aliquam auctor mollis purus, et dignissim velit aliquet eu. Maecenas non turpis tristique, consequat odio quis, condimentum arcu. Aenean egestas erat in sollicitudin pretium. Proin eget mauris a enim placerat congue. Proin imperdiet mollis mauris, et elementum lorem pretium et. Morbi consequat diam nec nisi condimentum elementum.Lorem ipsum dolor sit amet, consectetur adipiscing elit. Phasellus non nunc porttitor, feugiat neque in, placerat mauris. Aliquam auctor mollis purus, et dignissim velit aliquet eu. Maecenas non turpis tristique, consequat odio quis, condimentum arcu. Aenean egestas erat in sollicitudin pretium. Proin eget mauris a enim placerat congue. Proin imperdiet mollis mauris, et elementum lorem pretium et. Morbi consequat diam nec nisi condimentum elementum.Lorem ipsum dolor sit amet, consectetur adipiscing elit. Phasellus non nunc porttitor, feugiat neque in, placerat mauris. Aliquam auctor mollis purus, et dignissim velit aliquet eu. Maecenas non turpis tristique, consequat odio quis, condimentum arcu. Aenean egestas erat in sollicitudin pretium. Proin eget mauris a enim placerat congue. Proin imperdiet mollis mauris, et elementum lorem pretium et. Morbi consequat diam nec nisi condimentum elementum.Lorem ipsum dolor sit amet, consectetur adipiscing elit. Phasellus non nunc porttitor, feugiat neque in, placerat mauris. Aliquam auctor mollis purus, et dignissim velit aliquet eu. Maecenas non turpis tristique, consequat odio quis, condimentum arcu. Aenean egestas erat in sollicitudin pretium. Proin eget mauris a enim placerat congue. Proin imperdiet mollis mauris, et elementum lorem pretium et. Morbi consequat diam nec nisi condimentum elementum.Lorem ipsum dolor sit amet, consectetur adipiscing elit. Phasellus non nunc porttitor, feugiat neque in, placerat mauris. Aliquam auctor mollis purus, et dignissim velit aliquet eu. Maecenas non turpis tristique, consequat odio quis, condimentum arcu. Aenean egestas erat in sollicitudin pretium. Proin eget mauris a enim placerat congue. Proin imperdiet mollis mauris, et elementum lorem pretium et. Morbi consequat diam nec nisi condimentum elementum.Lorem ipsum dolor sit amet, consectetur adipiscing elit. Phasellus non nunc porttitor, feugiat neque in, placerat mauris. Aliquam auctor mollis purus, et dignissim velit aliquet eu. Maecenas non turpis tristique, consequat odio quis, condimentum arcu. Aenean egestas erat in sollicitudin pretium. Proin eget mauris a enim placerat congue. Proin imperdiet mollis mauris, et elementum lorem pretium et. Morbi consequat diam nec nisi condimentum elementum.Lorem ipsum dolor sit amet, consectetur adipiscing elit. Phasellus non nunc porttitor, feugiat neque in, placerat mauris. Aliquam auctor mollis purus, et dignissim velit aliquet eu. Maecenas non turpis tristique, consequat odio quis, condimentum arcu. Aenean egestas erat in sollicitudin pretium. Proin eget mauris a enim placerat congue. Proin imperdiet mollis mauris, et elementum lorem pretium et. Morbi consequat diam nec nisi condimentum elementum.Lorem ipsum dolor sit amet, consectetur adipiscing elit. Phasellus non nunc porttitor, feugiat neque in, placerat mauris. Aliquam auctor mollis purus, et dignissim velit aliquet eu. Maecenas non turpis tristique, consequat odio quis, condimentum arcu. Aenean egestas erat in sollicitudin pretium. Proin eget mauris a enim placerat congue. Proin imperdiet mollis mauris, et elementum lorem pretium et. Morbi consequat diam nec nisi condimentum elementum.Lorem ipsum dolor sit amet, consectetur adipiscing elit. Phasellus non nunc porttitor, feugiat neque in, placerat mauris. Aliquam auctor mollis purus, et dignissim velit aliquet eu. Maecenas non turpis tristique, consequat odio quis, condimentum arcu. Aenean egestas erat in sollicitudin pretium. Proin eget mauris a enim placerat congue. Proin imperdiet mollis mauris, et elementum lorem pretium et. Morbi consequat diam nec nisi condimentum elementum.Lorem ipsum dolor sit amet, consectetur adipiscing elit. Phasellus non nunc porttitor, feugiat neque in, placerat mauris. Aliquam auctor mollis purus, et dignissim velit aliquet eu. Maecenas non turpis tristique, consequat odio quis, condimentum arcu. Aenean egestas erat in sollicitudin pretium. Proin eget mauris a enim placerat congue. Proin imperdiet mollis mauris, et elementum lorem pretium et. Morbi consequat diam nec nisi condimentum elementum.Lorem ipsum dolor sit amet, consectetur adipiscing elit. Phasellus non nunc porttitor, feugiat neque in, placerat mauris. Aliquam auctor mollis purus, et dignissim velit aliquet eu. Maecenas non turpis tristique, consequat odio quis, condimentum arcu. Aenean egestas erat in sollicitudin pretium. Proin eget mauris a enim placerat congue. Proin imperdiet mollis mauris, et elementum lorem pretium et. Morbi consequat diam nec nisi condimentum elementum.",
                                        "artwork_urls": null,
                                        "video_url": null
                                    }
                                ]
                            }
                        ]

                    },
                    {
                        "title": "Full Children",
                        "body": "Lorem ipsum dolor sit amet, consectetur adipiscing elit. Phasellus non nunc porttitor, feugiat neque in, placerat mauris. Aliquam auctor mollis purus, et dignissim velit aliquet eu. Maecenas non turpis tristique, consequat odio quis, condimentum arcu. Aenean egestas erat in sollicitudin pretium. Proin eget mauris a enim placerat congue. Proin imperdiet mollis mauris, et elementum lorem pretium et. Morbi consequat diam nec nisi condimentum elementum.Lorem ipsum dolor sit amet, consectetur adipiscing elit. Phasellus non nunc porttitor, feugiat neque in, placerat mauris. Aliquam auctor mollis purus, et dignissim velit aliquet eu. Maecenas non turpis tristique, consequat odio quis, condimentum arcu. Aenean egestas erat in sollicitudin pretium. Proin eget mauris a enim placerat congue. Proin imperdiet mollis mauris, et elementum lorem pretium et. Morbi consequat diam nec nisi condimentum elementum.Lorem ipsum dolor sit amet, consectetur adipiscing elit. Phasellus non nunc porttitor, feugiat neque in, placerat mauris. Aliquam auctor mollis purus, et dignissim velit aliquet eu. Maecenas non turpis tristique, consequat odio quis, condimentum arcu. Aenean egestas erat in sollicitudin pretium. Proin eget mauris a enim placerat congue. Proin imperdiet mollis mauris, et elementum lorem pretium et. Morbi consequat diam nec nisi condimentum elementum.Lorem ipsum dolor sit amet, consectetur adipiscing elit. Phasellus non nunc porttitor, feugiat neque in, placerat mauris. Aliquam auctor mollis purus, et dignissim velit aliquet eu. Maecenas non turpis tristique, consequat odio quis, condimentum arcu. Aenean egestas erat in sollicitudin pretium. Proin eget mauris a enim placerat congue. Proin imperdiet mollis mauris, et elementum lorem pretium et. Morbi consequat diam nec nisi condimentum elementum.Lorem ipsum dolor sit amet, consectetur adipiscing elit. Phasellus non nunc porttitor, feugiat neque in, placerat mauris. Aliquam auctor mollis purus, et dignissim velit aliquet eu. Maecenas non turpis tristique, consequat odio quis, condimentum arcu. Aenean egestas erat in sollicitudin pretium. Proin eget mauris a enim placerat congue. Proin imperdiet mollis mauris, et elementum lorem pretium et. Morbi consequat diam nec nisi condimentum elementum.Lorem ipsum dolor sit amet, consectetur adipiscing elit. Phasellus non nunc porttitor, feugiat neque in, placerat mauris. Aliquam auctor mollis purus, et dignissim velit aliquet eu. Maecenas non turpis tristique, consequat odio quis, condimentum arcu. Aenean egestas erat in sollicitudin pretium. Proin eget mauris a enim placerat congue. Proin imperdiet mollis mauris, et elementum lorem pretium et. Morbi consequat diam nec nisi condimentum elementum.Lorem ipsum dolor sit amet, consectetur adipiscing elit. Phasellus non nunc porttitor, feugiat neque in, placerat mauris. Aliquam auctor mollis purus, et dignissim velit aliquet eu. Maecenas non turpis tristique, consequat odio quis, condimentum arcu. Aenean egestas erat in sollicitudin pretium. Proin eget mauris a enim placerat congue. Proin imperdiet mollis mauris, et elementum lorem pretium et. Morbi consequat diam nec nisi condimentum elementum.Lorem ipsum dolor sit amet, consectetur adipiscing elit. Phasellus non nunc porttitor, feugiat neque in, placerat mauris. Aliquam auctor mollis purus, et dignissim velit aliquet eu. Maecenas non turpis tristique, consequat odio quis, condimentum arcu. Aenean egestas erat in sollicitudin pretium. Proin eget mauris a enim placerat congue. Proin imperdiet mollis mauris, et elementum lorem pretium et. Morbi consequat diam nec nisi condimentum elementum.Lorem ipsum dolor sit amet, consectetur adipiscing elit. Phasellus non nunc porttitor, feugiat neque in, placerat mauris. Aliquam auctor mollis purus, et dignissim velit aliquet eu. Maecenas non turpis tristique, consequat odio quis, condimentum arcu. Aenean egestas erat in sollicitudin pretium. Proin eget mauris a enim placerat congue. Proin imperdiet mollis mauris, et elementum lorem pretium et. Morbi consequat diam nec nisi condimentum elementum.Lorem ipsum dolor sit amet, consectetur adipiscing elit. Phasellus non nunc porttitor, feugiat neque in, placerat mauris. Aliquam auctor mollis purus, et dignissim velit aliquet eu. Maecenas non turpis tristique, consequat odio quis, condimentum arcu. Aenean egestas erat in sollicitudin pretium. Proin eget mauris a enim placerat congue. Proin imperdiet mollis mauris, et elementum lorem pretium et. Morbi consequat diam nec nisi condimentum elementum.Lorem ipsum dolor sit amet, consectetur adipiscing elit. Phasellus non nunc porttitor, feugiat neque in, placerat mauris. Aliquam auctor mollis purus, et dignissim velit aliquet eu. Maecenas non turpis tristique, consequat odio quis, condimentum arcu. Aenean egestas erat in sollicitudin pretium. Proin eget mauris a enim placerat congue. Proin imperdiet mollis mauris, et elementum lorem pretium et. Morbi consequat diam nec nisi condimentum elementum.Lorem ipsum dolor sit amet, consectetur adipiscing elit. Phasellus non nunc porttitor, feugiat neque in, placerat mauris. Aliquam auctor mollis purus, et dignissim velit aliquet eu. Maecenas non turpis tristique, consequat odio quis, condimentum arcu. Aenean egestas erat in sollicitudin pretium. Proin eget mauris a enim placerat congue. Proin imperdiet mollis mauris, et elementum lorem pretium et. Morbi consequat diam nec nisi condimentum elementum.Lorem ipsum dolor sit amet, consectetur adipiscing elit. Phasellus non nunc porttitor, feugiat neque in, placerat mauris. Aliquam auctor mollis purus, et dignissim velit aliquet eu. Maecenas non turpis tristique, consequat odio quis, condimentum arcu. Aenean egestas erat in sollicitudin pretium. Proin eget mauris a enim placerat congue. Proin imperdiet mollis mauris, et elementum lorem pretium et. Morbi consequat diam nec nisi condimentum elementum.Lorem ipsum dolor sit amet, consectetur adipiscing elit. Phasellus non nunc porttitor, feugiat neque in, placerat mauris. Aliquam auctor mollis purus, et dignissim velit aliquet eu. Maecenas non turpis tristique, consequat odio quis, condimentum arcu. Aenean egestas erat in sollicitudin pretium. Proin eget mauris a enim placerat congue. Proin imperdiet mollis mauris, et elementum lorem pretium et. Morbi consequat diam nec nisi condimentum elementum.Lorem ipsum dolor sit amet, consectetur adipiscing elit. Phasellus non nunc porttitor, feugiat neque in, placerat mauris. Aliquam auctor mollis purus, et dignissim velit aliquet eu. Maecenas non turpis tristique, consequat odio quis, condimentum arcu. Aenean egestas erat in sollicitudin pretium. Proin eget mauris a enim placerat congue. Proin imperdiet mollis mauris, et elementum lorem pretium et. Morbi consequat diam nec nisi condimentum elementum.Lorem ipsum dolor sit amet, consectetur adipiscing elit. Phasellus non nunc porttitor, feugiat neque in, placerat mauris. Aliquam auctor mollis purus, et dignissim velit aliquet eu. Maecenas non turpis tristique, consequat odio quis, condimentum arcu. Aenean egestas erat in sollicitudin pretium. Proin eget mauris a enim placerat congue. Proin imperdiet mollis mauris, et elementum lorem pretium et. Morbi consequat diam nec nisi condimentum elementum.Lorem ipsum dolor sit amet, consectetur adipiscing elit. Phasellus non nunc porttitor, feugiat neque in, placerat mauris. Aliquam auctor mollis purus, et dignissim velit aliquet eu. Maecenas non turpis tristique, consequat odio quis, condimentum arcu. Aenean egestas erat in sollicitudin pretium. Proin eget mauris a enim placerat congue. Proin imperdiet mollis mauris, et elementum lorem pretium et. Morbi consequat diam nec nisi condimentum elementum.Lorem ipsum dolor sit amet, consectetur adipiscing elit. Phasellus non nunc porttitor, feugiat neque in, placerat mauris. Aliquam auctor mollis purus, et dignissim velit aliquet eu. Maecenas non turpis tristique, consequat odio quis, condimentum arcu. Aenean egestas erat in sollicitudin pretium. Proin eget mauris a enim placerat congue. Proin imperdiet mollis mauris, et elementum lorem pretium et. Morbi consequat diam nec nisi condimentum elementum.Lorem ipsum dolor sit amet, consectetur adipiscing elit. Phasellus non nunc porttitor, feugiat neque in, placerat mauris. Aliquam auctor mollis purus, et dignissim velit aliquet eu. Maecenas non turpis tristique, consequat odio quis, condimentum arcu. Aenean egestas erat in sollicitudin pretium. Proin eget mauris a enim placerat congue. Proin imperdiet mollis mauris, et elementum lorem pretium et. Morbi consequat diam nec nisi condimentum elementum.Lorem ipsum dolor sit amet, consectetur adipiscing elit. Phasellus non nunc porttitor, feugiat neque in, placerat mauris. Aliquam auctor mollis purus, et dignissim velit aliquet eu. Maecenas non turpis tristique, consequat odio quis, condimentum arcu. Aenean egestas erat in sollicitudin pretium. Proin eget mauris a enim placerat congue. Proin imperdiet mollis mauris, et elementum lorem pretium et. Morbi consequat diam nec nisi condimentum elementum.Lorem ipsum dolor sit amet, consectetur adipiscing elit. Phasellus non nunc porttitor, feugiat neque in, placerat mauris. Aliquam auctor mollis purus, et dignissim velit aliquet eu. Maecenas non turpis tristique, consequat odio quis, condimentum arcu. Aenean egestas erat in sollicitudin pretium. Proin eget mauris a enim placerat congue. Proin imperdiet mollis mauris, et elementum lorem pretium et. Morbi consequat diam nec nisi condimentum elementum.",
                        "artwork_urls": null,
                        "video_url": null,
                        "sections": [
                            {
                                "title": "Even Lower Detail",
                                "section_children": [
                                    {
                                        "title": "Full No Children",
                                        "body": "Lorem ipsum dolor sit amet, consectetur adipiscing elit. Phasellus non nunc porttitor, feugiat neque in, placerat mauris. Aliquam auctor mollis purus, et dignissim velit aliquet eu. Maecenas non turpis tristique, consequat odio quis, condimentum arcu. Aenean egestas erat in sollicitudin pretium. Proin eget mauris a enim placerat congue. Proin imperdiet mollis mauris, et elementum lorem pretium et. Morbi consequat diam nec nisi condimentum elementum.Lorem ipsum dolor sit amet, consectetur adipiscing elit. Phasellus non nunc porttitor, feugiat neque in, placerat mauris. Aliquam auctor mollis purus, et dignissim velit aliquet eu. Maecenas non turpis tristique, consequat odio quis, condimentum arcu. Aenean egestas erat in sollicitudin pretium. Proin eget mauris a enim placerat congue. Proin imperdiet mollis mauris, et elementum lorem pretium et. Morbi consequat diam nec nisi condimentum elementum.Lorem ipsum dolor sit amet, consectetur adipiscing elit. Phasellus non nunc porttitor, feugiat neque in, placerat mauris. Aliquam auctor mollis purus, et dignissim velit aliquet eu. Maecenas non turpis tristique, consequat odio quis, condimentum arcu. Aenean egestas erat in sollicitudin pretium. Proin eget mauris a enim placerat congue. Proin imperdiet mollis mauris, et elementum lorem pretium et. Morbi consequat diam nec nisi condimentum elementum.Lorem ipsum dolor sit amet, consectetur adipiscing elit. Phasellus non nunc porttitor, feugiat neque in, placerat mauris. Aliquam auctor mollis purus, et dignissim velit aliquet eu. Maecenas non turpis tristique, consequat odio quis, condimentum arcu. Aenean egestas erat in sollicitudin pretium. Proin eget mauris a enim placerat congue. Proin imperdiet mollis mauris, et elementum lorem pretium et. Morbi consequat diam nec nisi condimentum elementum.Lorem ipsum dolor sit amet, consectetur adipiscing elit. Phasellus non nunc porttitor, feugiat neque in, placerat mauris. Aliquam auctor mollis purus, et dignissim velit aliquet eu. Maecenas non turpis tristique, consequat odio quis, condimentum arcu. Aenean egestas erat in sollicitudin pretium. Proin eget mauris a enim placerat congue. Proin imperdiet mollis mauris, et elementum lorem pretium et. Morbi consequat diam nec nisi condimentum elementum.Lorem ipsum dolor sit amet, consectetur adipiscing elit. Phasellus non nunc porttitor, feugiat neque in, placerat mauris. Aliquam auctor mollis purus, et dignissim velit aliquet eu. Maecenas non turpis tristique, consequat odio quis, condimentum arcu. Aenean egestas erat in sollicitudin pretium. Proin eget mauris a enim placerat congue. Proin imperdiet mollis mauris, et elementum lorem pretium et. Morbi consequat diam nec nisi condimentum elementum.Lorem ipsum dolor sit amet, consectetur adipiscing elit. Phasellus non nunc porttitor, feugiat neque in, placerat mauris. Aliquam auctor mollis purus, et dignissim velit aliquet eu. Maecenas non turpis tristique, consequat odio quis, condimentum arcu. Aenean egestas erat in sollicitudin pretium. Proin eget mauris a enim placerat congue. Proin imperdiet mollis mauris, et elementum lorem pretium et. Morbi consequat diam nec nisi condimentum elementum.Lorem ipsum dolor sit amet, consectetur adipiscing elit. Phasellus non nunc porttitor, feugiat neque in, placerat mauris. Aliquam auctor mollis purus, et dignissim velit aliquet eu. Maecenas non turpis tristique, consequat odio quis, condimentum arcu. Aenean egestas erat in sollicitudin pretium. Proin eget mauris a enim placerat congue. Proin imperdiet mollis mauris, et elementum lorem pretium et. Morbi consequat diam nec nisi condimentum elementum.Lorem ipsum dolor sit amet, consectetur adipiscing elit. Phasellus non nunc porttitor, feugiat neque in, placerat mauris. Aliquam auctor mollis purus, et dignissim velit aliquet eu. Maecenas non turpis tristique, consequat odio quis, condimentum arcu. Aenean egestas erat in sollicitudin pretium. Proin eget mauris a enim placerat congue. Proin imperdiet mollis mauris, et elementum lorem pretium et. Morbi consequat diam nec nisi condimentum elementum.Lorem ipsum dolor sit amet, consectetur adipiscing elit. Phasellus non nunc porttitor, feugiat neque in, placerat mauris. Aliquam auctor mollis purus, et dignissim velit aliquet eu. Maecenas non turpis tristique, consequat odio quis, condimentum arcu. Aenean egestas erat in sollicitudin pretium. Proin eget mauris a enim placerat congue. Proin imperdiet mollis mauris, et elementum lorem pretium et. Morbi consequat diam nec nisi condimentum elementum.Lorem ipsum dolor sit amet, consectetur adipiscing elit. Phasellus non nunc porttitor, feugiat neque in, placerat mauris. Aliquam auctor mollis purus, et dignissim velit aliquet eu. Maecenas non turpis tristique, consequat odio quis, condimentum arcu. Aenean egestas erat in sollicitudin pretium. Proin eget mauris a enim placerat congue. Proin imperdiet mollis mauris, et elementum lorem pretium et. Morbi consequat diam nec nisi condimentum elementum.Lorem ipsum dolor sit amet, consectetur adipiscing elit. Phasellus non nunc porttitor, feugiat neque in, placerat mauris. Aliquam auctor mollis purus, et dignissim velit aliquet eu. Maecenas non turpis tristique, consequat odio quis, condimentum arcu. Aenean egestas erat in sollicitudin pretium. Proin eget mauris a enim placerat congue. Proin imperdiet mollis mauris, et elementum lorem pretium et. Morbi consequat diam nec nisi condimentum elementum.Lorem ipsum dolor sit amet, consectetur adipiscing elit. Phasellus non nunc porttitor, feugiat neque in, placerat mauris. Aliquam auctor mollis purus, et dignissim velit aliquet eu. Maecenas non turpis tristique, consequat odio quis, condimentum arcu. Aenean egestas erat in sollicitudin pretium. Proin eget mauris a enim placerat congue. Proin imperdiet mollis mauris, et elementum lorem pretium et. Morbi consequat diam nec nisi condimentum elementum.Lorem ipsum dolor sit amet, consectetur adipiscing elit. Phasellus non nunc porttitor, feugiat neque in, placerat mauris. Aliquam auctor mollis purus, et dignissim velit aliquet eu. Maecenas non turpis tristique, consequat odio quis, condimentum arcu. Aenean egestas erat in sollicitudin pretium. Proin eget mauris a enim placerat congue. Proin imperdiet mollis mauris, et elementum lorem pretium et. Morbi consequat diam nec nisi condimentum elementum.Lorem ipsum dolor sit amet, consectetur adipiscing elit. Phasellus non nunc porttitor, feugiat neque in, placerat mauris. Aliquam auctor mollis purus, et dignissim velit aliquet eu. Maecenas non turpis tristique, consequat odio quis, condimentum arcu. Aenean egestas erat in sollicitudin pretium. Proin eget mauris a enim placerat congue. Proin imperdiet mollis mauris, et elementum lorem pretium et. Morbi consequat diam nec nisi condimentum elementum.Lorem ipsum dolor sit amet, consectetur adipiscing elit. Phasellus non nunc porttitor, feugiat neque in, placerat mauris. Aliquam auctor mollis purus, et dignissim velit aliquet eu. Maecenas non turpis tristique, consequat odio quis, condimentum arcu. Aenean egestas erat in sollicitudin pretium. Proin eget mauris a enim placerat congue. Proin imperdiet mollis mauris, et elementum lorem pretium et. Morbi consequat diam nec nisi condimentum elementum.Lorem ipsum dolor sit amet, consectetur adipiscing elit. Phasellus non nunc porttitor, feugiat neque in, placerat mauris. Aliquam auctor mollis purus, et dignissim velit aliquet eu. Maecenas non turpis tristique, consequat odio quis, condimentum arcu. Aenean egestas erat in sollicitudin pretium. Proin eget mauris a enim placerat congue. Proin imperdiet mollis mauris, et elementum lorem pretium et. Morbi consequat diam nec nisi condimentum elementum.Lorem ipsum dolor sit amet, consectetur adipiscing elit. Phasellus non nunc porttitor, feugiat neque in, placerat mauris. Aliquam auctor mollis purus, et dignissim velit aliquet eu. Maecenas non turpis tristique, consequat odio quis, condimentum arcu. Aenean egestas erat in sollicitudin pretium. Proin eget mauris a enim placerat congue. Proin imperdiet mollis mauris, et elementum lorem pretium et. Morbi consequat diam nec nisi condimentum elementum.Lorem ipsum dolor sit amet, consectetur adipiscing elit. Phasellus non nunc porttitor, feugiat neque in, placerat mauris. Aliquam auctor mollis purus, et dignissim velit aliquet eu. Maecenas non turpis tristique, consequat odio quis, condimentum arcu. Aenean egestas erat in sollicitudin pretium. Proin eget mauris a enim placerat congue. Proin imperdiet mollis mauris, et elementum lorem pretium et. Morbi consequat diam nec nisi condimentum elementum.Lorem ipsum dolor sit amet, consectetur adipiscing elit. Phasellus non nunc porttitor, feugiat neque in, placerat mauris. Aliquam auctor mollis purus, et dignissim velit aliquet eu. Maecenas non turpis tristique, consequat odio quis, condimentum arcu. Aenean egestas erat in sollicitudin pretium. Proin eget mauris a enim placerat congue. Proin imperdiet mollis mauris, et elementum lorem pretium et. Morbi consequat diam nec nisi condimentum elementum.Lorem ipsum dolor sit amet, consectetur adipiscing elit. Phasellus non nunc porttitor, feugiat neque in, placerat mauris. Aliquam auctor mollis purus, et dignissim velit aliquet eu. Maecenas non turpis tristique, consequat odio quis, condimentum arcu. Aenean egestas erat in sollicitudin pretium. Proin eget mauris a enim placerat congue. Proin imperdiet mollis mauris, et elementum lorem pretium et. Morbi consequat diam nec nisi condimentum elementum.",
                                        "artwork_urls": null,
                                        "video_url": null
                                    },
                                    {
                                        "title": "Short",
                                        "body": "Short",
                                        "artwork_urls": null,
                                        "video_url": null,
                                        "sections": [
                                            {
                                                "title": "Way Way Down",
                                                "section_children": [
                                                    {
                                                        "title": "Short Children",
                                                        "body": "Shortie… Shorty",
                                                        "artwork_urls": null,
                                                        "video_url": null
                                                    },
                                                    {
                                                        "title": "One",
                                                        "body": "One",
                                                        "artwork_urls": null,
                                                        "video_url": null
                                                    },
                                                    {
                                                        "title": "Empty Body",
                                                        "body": "",
                                                        "artwork_urls": null,
                                                        "video_url": null
                                                    },
                                                    {
                                                        "title": "Nobody - PUN!",
                                                        "body": null,
                                                        "artwork_urls": null,
                                                        "video_url": null
                                                    }
                                                ]
                                            },
                                            {
                                                "title": "Another Section? WOW!",
                                                "section_children": [
                                                    {
                                                        "title": "Short Children",
                                                        "body": "Shortie… Shorty",
                                                        "artwork_urls": null,
                                                        "video_url": null
                                                    },
                                                    {
                                                        "title": "One",
                                                        "body": "One",
                                                        "artwork_urls": null,
                                                        "video_url": null
                                                    },
                                                    {
                                                        "title": "Empty Body",
                                                        "body": "",
                                                        "artwork_urls": null,
                                                        "video_url": null
                                                    },
                                                    {
                                                        "title": "Nobody - PUN!",
                                                        "body": null,
                                                        "artwork_urls": null,
                                                        "video_url": null
                                                    }
                                                ]
                                            }
                                        ]

                                    }

                                ]
                            }
                        ]
                    }
                ]
            }
        ]
    }
}}
