{
    "application": {
        "name": "KettleWorXPro",
        "id": "KX",
        "customer_name": "KettleWorX Pro",
        "app_store_build": false
    },

    "keys": {
        "testflight": "2e6e2f2a-55e4-4d4f-a806-7b0280fe370c",
        "parse_application": "Qs0h2EXj9KiEWG1P9f00FFmyOLBsSDckZIYAuwzn",
        "parse_client": "ztRDMLuCW4UoXgaoSfTUFOeDoCEQ0cfvLRSbtLmJ",
        "crashlytics": "61b1074986d852a613cdbddc43992fa8197cb1d3",
        "segmentio": "cilnqvsxk7"
    },

    "endpoints": {
        "mobile_api_alpha": "sqcore-development.herokuapp.com",
        "mobile_api_beta": "sqcore-staging.herokuapp.com",
        "mobile_api": "sqcore.herokuapp.com",
        "secure": false
    },

    "settings": {
        "grace_hours": 168,
        "grace_final_hours": 24,
        "segmentio_flush_at": 1
    },

    "features": {
        "subscription": true
    }

}