{
    "application": {
        "name": "YogaFitPro",
        "id": "YF",
        "customer_name": "YogaFit",
        "app_store_build": false,
        "support_email": "support@yogafit.com"
    },

    "keys": {
        "testflight": "dc31a1da-cd84-4d2a-b557-a30a29d5d5b4",
        "parse_application": "OSb6BXncoz0Kz7s6ueg7ZluHci7nkkCeFNZasS2g",
        "parse_client": "gY1nclJKBI1K0ICWurLrKPxP0hCftgk2lgHauqKz",
        "crashlytics": "61b1074986d852a613cdbddc43992fa8197cb1d3",
        "segmentio": "cilnqvsxk7"
    },

    "endpoints": {
        "mobile_api": "mobile--api--development-herokuapp-com-28hunbgfmnaf.runscope.net",
        "secure": false
    },

    "settings": {
        "grace_hours": 168,
        "grace_final_hours": 24,
        "segmentio_flush_at": 1
    },

    "features": {
        "subscription": true
    }

}