{
    "headers": {
        "customer": "CC"
    },

    "theme": {
        "version": 1,
        "layout": {
            "name": "YOGA"
        },
        "common": {
            "background": {
                "primary": {
                    "red": 255,
                    "green": 255,
                    "blue": 255,
                    "alpha": 1
                }
            },

            "buttons": {
                "primary": {
                    "normal": {
                        "backgroundColor": {
                            "red": 120,
                            "green": 46,
                            "blue": 125,
                            "alpha": 1
                        },
                        "textColor": {
                            "red": 255,
                            "green": 255,
                            "blue": 255,
                            "alpha": 1
                        }
                    },
                    "highlighted": {
                        "backgroundColor": {
                            "red": 120,
                            "green": 46,
                            "blue": 125,
                            "alpha": 0.6
                        },
                        "textColor": {
                            "red": 255,
                            "green": 143,
                            "blue": 100,
                            "alpha": 1
                        }
                    },
                    "disabled": {
                        "backgroundColor": {
                            "red": 249,
                            "green": 249,
                            "blue": 249,
                            "alpha": 1
                        },
                        "textColor": {
                            "red": 204,
                            "green": 204,
                            "blue": 204,
                            "alpha": 1
                        }
                    }
                },

                "secondary": {
                    "normal": {
                        "backgroundColor": {
                            "red": 255,
                            "green": 255,
                            "blue": 255,
                            "alpha": 0.9
                        },
                        "textColor": {
                            "red": 120,
                            "green": 46,
                            "blue": 125,
                            "alpha": 1
                        }
                    },
                    "highlighted": {
                        "backgroundColor": {
                            "red": 255,
                            "green": 255,
                            "blue": 255,
                            "alpha": 0.9
                        },
                        "textColor": {
                            "red": 120,
                            "green": 46,
                            "blue": 125,
                            "alpha": 0.6
                        }
                    },
                    "disabled": {
                        "backgroundColor": {
                            "red": 249,
                            "green": 249,
                            "blue": 249,
                            "alpha": 1
                        },
                        "textColor": {
                            "red": 204,
                            "green": 204,
                            "blue": 204,
                            "alpha": 1
                        }
                    }
                }
            }
        },
        "mobile": {
            "fonts": {
                "body": {
                    "name": "Arista-Light",
                    "source": "Google",
                    "url": "http://"
                },

                "headings": {
                    "name": "Arista-Light",
                    "source": "Google",
                    "url": "http://"
                },

                "icons": {
                    "name": "SS-Gizmo",
                    "source": "Google",
                    "url": "http://"
                }
            },

            "logos": {
                "header": {
                    "standard": {
                        "hash": "84ab8ab52f42eac19801ea7b223dae3f",
                        "url": "example.com/standard.png"
                    },
                    "2x": {
                        "hash": "5e11f77bdaea526af7cff13feb86ed71",
                        "url": "example.com/standard@2x.png"
                    }
                }
            }
        },
        "web": {
            "logos": {
                "standard": {
                    "url": "example.com/standard.png"
                }
            }
        }
    }
}