{
  "name": "Classcast",
  "customer_name": "Classcast",
  "customer_legal_name": "Cloudzillr Inc.",
  "app_name": "Classcast Preview",
  "mobile_customer_id": "cohort",

  "identifiers": {
    "development": "",
    "staging": "CLASP2",
    "production_insecure": "CLASP0",
    "production": "CLASP0"
  },
  "marketing_url": "classcast.co",
  "support_email": "support@classcast.co",

  "theme": {
    "primary_color_css": "3cafe6",
    "secondary_color_css": "ff9800",
    "text_font_name": "HelveticaNeue",
    "text_bold_font_name": "HelveticaNeue-Bold",
    "text_italic_font_name": "HelveticaNeue-Italic",
    "text_bolditalic_font_name": "HelveticaNeue-BoldItalic",
    "icon_font_name": "cc-icons-2"
  },

  "features": {
    "any": {
    },

    "debug": {
    },

    "alpha": {
    },

    "beta": {
    },

    "rc": {
    },

    "production": {
    }
  },

  "keys": {
    "any": {
    },

    "debug": {
    },

    "alpha": {
    },

    "beta": {
    },

    "rc": {
    },

    "production": {
    }
  }
}