{
    "endpoints": {

        "development": {
            "host": "mobile--api--development-herokuapp-com-28hunbgfmnaf.runscope.net",
            "secure": false
        },

        "staging": {
            "host": "mobile--api--staging-herokuapp-com-dtxbhhcbyfd8.runscope.net",
            "secure": false
        },

        "production_insecure": {
            "host": "mobile--api--production-herokuapp-com-n8cjpz96seua.runscope.net",
            "secure": false
        },

        "production": {
            "host": "mobile-api-production.herokuapp.com",
            "secure": true
        }

    }
}