{
  "AcademyEngravedLetPlain" : -1,
  "AlNile" : -3,
  "AlNile-Bold" : -3,
  "AmericanTypewriter" : 1,
  "AmericanTypewriter-Bold" : 1,
  "AmericanTypewriter-Condensed" : 1,
  "AmericanTypewriter-CondensedBold" : 1,
  "AmericanTypewriter-CondensedLight" : 1,
  "AmericanTypewriter-Light" : 1,
  "AppleColorEmoji" : -6,
  "AppleSDGothicNeo-Bold" : -1,
  "AppleSDGothicNeo-Light" : -1,
  "AppleSDGothicNeo-Medium" : -1,
  "AppleSDGothicNeo-Regular" : -1,
  "AppleSDGothicNeo-SemiBold" : -1,
  "AppleSDGothicNeo-Thin" : -1,
  "AppleSDGothicNeo-UltraLight" : -1,
  "Arial-BoldItalicMT" : 1,
  "Arial-BoldMT" : 1,
  "Arial-ItalicMT" : 1,
  "ArialHebrew" : 2,
  "ArialHebrew-Bold" : 2,
  "ArialHebrew-Light" : 2,
  "ArialMT" : 1,
  "ArialRoundedMTBold" : 0,
  "Avenir-Black" : -3,
  "Avenir-BlackOblique" : -3,
  "Avenir-Book" : -3,
  "Avenir-BookOblique" : -3,
  "Avenir-Heavy" : -3,
  "Avenir-HeavyOblique" : -3,
  "Avenir-Light" : -3,
  "Avenir-LightOblique" : -3,
  "Avenir-Medium" : -3,
  "Avenir-MediumOblique" : -3,
  "Avenir-Oblique" : -3,
  "Avenir-Roman" : -3,
  "AvenirNext-Bold" : -3,
  "AvenirNext-BoldItalic" : -3,
  "AvenirNext-DemiBold" : -3,
  "AvenirNext-DemiBoldItalic" : -3,
  "AvenirNext-Heavy" : -3,
  "AvenirNext-HeavyItalic" : -3,
  "AvenirNext-Italic" : -3,
  "AvenirNext-Medium" : -3,
  "AvenirNext-MediumItalic" : -3,
  "AvenirNext-Regular" : -3,
  "AvenirNext-UltraLight" : -3,
  "AvenirNext-UltraLightItalic" : -3,
  "AvenirNextCondensed-Bold" : -3,
  "AvenirNextCondensed-BoldItalic" : -3,
  "AvenirNextCondensed-DemiBold" : -3,
  "AvenirNextCondensed-DemiBoldItalic" : -3,
  "AvenirNextCondensed-Heavy" : -3,
  "AvenirNextCondensed-HeavyItalic" : -3,
  "AvenirNextCondensed-Italic" : -3,
  "AvenirNextCondensed-Medium" : -3,
  "AvenirNextCondensed-MediumItalic" : -3,
  "AvenirNextCondensed-Regular" : -3,
  "AvenirNextCondensed-UltraLight" : -3,
  "AvenirNextCondensed-UltraLightItalic" : -3,
  "BanglaSangamMN" : -3,
  "BanglaSangamMN-Bold" : -3,
  "Baskerville" : 0,
  "Baskerville-Bold" : 0,
  "Baskerville-BoldItalic" : 0,
  "Baskerville-Italic" : 0,
  "Baskerville-SemiBold" : 0,
  "Baskerville-SemiBoldItalic" : 0,
  "BodoniOrnamentsITCTT" : 3,
  "BodoniSvtyTwoITCTT-Bold" : -1,
  "BodoniSvtyTwoITCTT-Book" : -1,
  "BodoniSvtyTwoITCTT-BookIta" : -1,
  "BodoniSvtyTwoOSITCTT-Bold" : -1,
  "BodoniSvtyTwoOSITCTT-Book" : -1,
  "BodoniSvtyTwoOSITCTT-BookIt" : -1,
  "BodoniSvtyTwoSCITCTT-Book" : -1,
  "BradleyHandITCTT-Bold" : -2,
  "ChalkboardSE-Bold" : -4,
  "ChalkboardSE-Light" : -4,
  "ChalkboardSE-Regular" : -4,
  "Chalkduster" : -2,
  "Cochin" : 0,
  "Cochin-Bold" : 0,
  "Cochin-BoldItalic" : 0,
  "Cochin-Italic" : 0,
  "Copperplate" : 3,
  "Copperplate-Bold" : 3,
  "Copperplate-Light" : 3,
  "Courier" : 3,
  "Courier-Bold" : 3,
  "Courier-BoldOblique" : 3,
  "Courier-Oblique" : 3,
  "CourierNewPS-BoldItalicMT" : 0,
  "CourierNewPS-BoldMT" : 0,
  "CourierNewPS-ItalicMT" : 0,
  "CourierNewPSMT" : 0,
  "DINAlternate-Bold" : 0,
  "DINCondensed-Bold" : 3,
  "Damascus" : 3,
  "DamascusBold" : 3,
  "DamascusLight" : 3,
  "DamascusMedium" : 3,
  "DamascusSemiBold" : 3,
  "DevanagariSangamMN" : -3,
  "DevanagariSangamMN-Bold" : -3,
  "Didot" : -1,
  "Didot-Bold" : -1,
  "Didot-Italic" : -1,
  "DiwanMishafi" : -4,
  "EuphemiaUCAS" : -3,
  "EuphemiaUCAS-Bold" : -3,
  "EuphemiaUCAS-Italic" : -3,
  "Farah" : 3,
  "Futura-CondensedExtraBold" : -1,
  "Futura-CondensedMedium" : -1,
  "Futura-Medium" : -1,
  "Futura-MediumItalic" : -1,
  "GeezaPro" : -1,
  "GeezaPro-Bold" : -1,
  "Georgia" : 0,
  "Georgia-Bold" : 0,
  "Georgia-BoldItalic" : 0,
  "Georgia-Italic" : 0,
  "GillSans" : 0,
  "GillSans-Bold" : 0,
  "GillSans-BoldItalic" : 0,
  "GillSans-Italic" : 0,
  "GillSans-Light" : 0,
  "GillSans-LightItalic" : 0,
  "GujaratiSangamMN" : -1,
  "GujaratiSangamMN-Bold" : -1,
  "GurmukhiMN" : 0,
  "GurmukhiMN-Bold" : 0,
  "Helvetica" : 0,
  "Helvetica-Bold" : 0,
  "Helvetica-BoldOblique" : 0,
  "Helvetica-Light" : 0,
  "Helvetica-LightOblique" : 0,
  "Helvetica-Oblique" : 0,
  "HelveticaNeue" : 0,
  "HelveticaNeue-Bold" : 0,
  "HelveticaNeue-BoldItalic" : 0,
  "HelveticaNeue-CondensedBlack" : 0,
  "HelveticaNeue-CondensedBold" : 0,
  "HelveticaNeue-Italic" : 0,
  "HelveticaNeue-Light" : 0,
  "HelveticaNeue-LightItalic" : 0,
  "HelveticaNeue-Medium" : 0,
  "HelveticaNeue-MediumItalic" : 0,
  "HelveticaNeue-Thin" : 0,
  "HelveticaNeue-ThinItalic" : 0,
  "HelveticaNeue-UltraLight" : 0,
  "HelveticaNeue-UltraLightItalic" : 0,
  "HiraKakuProN-W3" : 3,
  "HiraKakuProN-W6" : 3,
  "HiraMinProN-W3" : 3,
  "HiraMinProN-W6" : 3,
  "HoeflerText-Black" : 3,
  "HoeflerText-BlackItalic" : 3,
  "HoeflerText-Italic" : 3,
  "HoeflerText-Regular" : 3,
  "IowanOldStyle-Bold" : -3,
  "IowanOldStyle-BoldItalic" : -3,
  "IowanOldStyle-Italic" : -3,
  "IowanOldStyle-Roman" : -3,
  "JosefinSans" : 3,
  "JosefinSans-Light" : 3,
  "JosefinSans-Thin" : 3,
  "Kailasa" : -6,
  "Kailasa-Bold" : -6,
  "KannadaSangamMN" : -5,
  "KannadaSangamMN-Bold" : -5,
  "KhmerSangamMN" : -8,
  "KohinoorDevanagari-Book" : -4,
  "KohinoorDevanagari-Light" : -4,
  "KohinoorDevanagari-Medium" : -4,
  "LaoSangamMN" : -2,
  "Lato-Light" : -1,
  "Lato-Regular" : -1,
  "MalayalamSangamMN" : -1,
  "MalayalamSangamMN-Bold" : -1,
  "Marion-Bold" : 3,
  "Marion-Italic" : 3,
  "Marion-Regular" : 3,
  "MarkerFelt-Thin" : 1,
  "MarkerFelt-Wide" : 1,
  "Menlo-Bold" : 0,
  "Menlo-BoldItalic" : 0,
  "Menlo-Italic" : 0,
  "Menlo-Regular" : 0,
  "Montserrat-Regular" : -1,
  "Muli" : -1,
  "Muli-Light" : -1,
  "Noteworthy-Bold" : -6,
  "Noteworthy-Light" : -6,
  "Nunito-Light" : -3,
  "Nunito-Regular" : -3,
  "Optima-Bold" : -1,
  "Optima-BoldItalic" : -1,
  "Optima-ExtraBlack" : -1,
  "Optima-Italic" : -1,
  "Optima-Regular" : -1,
  "OriyaSangamMN" : -1,
  "OriyaSangamMN-Bold" : -1,
  "Palatino-Bold" : 1,
  "Palatino-BoldItalic" : 1,
  "Palatino-Italic" : 1,
  "Palatino-Roman" : 1,
  "Papyrus" : -5,
  "Papyrus-Condensed" : -5,
  "PartyLetPlain" : 0,
  "Roboto-Light" : -3,
  "Roboto-Medium" : -3,
  "Roboto-Regular" : -3,
  "Roboto-Thin" : -3,
  "STHeitiSC-Light" : 3,
  "STHeitiSC-Medium" : 3,
  "STHeitiTC-Light" : 3,
  "STHeitiTC-Medium" : 3,
  "SavoyeLetPlain" : -1,
  "SinhalaSangamMN" : 1,
  "SinhalaSangamMN-Bold" : 1,
  "SnellRoundhand" : -2,
  "SnellRoundhand-Black" : -2,
  "SnellRoundhand-Bold" : -2,
  "Superclarendon-Black" : -1,
  "Superclarendon-BlackItalic" : -1,
  "Superclarendon-Bold" : -1,
  "Superclarendon-BoldItalic" : -1,
  "Superclarendon-Italic" : -1,
  "Superclarendon-Light" : -1,
  "Superclarendon-LightItalic" : -1,
  "Superclarendon-Regular" : -1,
  "Symbol" : 3,
  "TamilSangamMN" : 3,
  "TamilSangamMN-Bold" : 3,
  "TeluguSangamMN" : -5,
  "TeluguSangamMN-Bold" : -5,
  "Thonburi" : -3,
  "Thonburi-Bold" : -3,
  "Thonburi-Light" : -3,
  "TimesNewRomanPS-BoldItalicMT" : 1,
  "TimesNewRomanPS-BoldMT" : 1,
  "TimesNewRomanPS-ItalicMT" : 1,
  "TimesNewRomanPSMT" : 1,
  "Trebuchet-BoldItalic" : 0,
  "TrebuchetMS" : 0,
  "TrebuchetMS-Bold" : 0,
  "TrebuchetMS-Italic" : 0,
  "Verdana" : -1,
  "Verdana-Bold" : -1,
  "Verdana-BoldItalic" : -1,
  "Verdana-Italic" : -1,
  "YanoneKaffeesatz-ExtraLight" : 0,
  "YanoneKaffeesatz-Light" : 0,
  "YanoneKaffeesatz-Regular" : 0,
  "ZapfDingbatsITC" : 3,
  "Zapfino" : -14,
  "cc-icons-1" : -3,
  "cc-icons-2" : -3
}
