{
  "name": "Ripple EFFX",
  "customer_name": "Ripple EFFX",
  "customer_legal_name": "RIPPLE EFFX Pty Ltd",
  "app_name": "Ripple EFFX - pre-chorographed and interval group style training",
  "mobile_customer_id": "rippleeffx",

  "identifiers": {
    "development": "",
    "staging": "RIPPP1",
    "production_insecure": "RIPPP1",
    "production": "RIPPP1"
  },
  "marketing_url": "rippleeffx.com.au/app",
  "support_email": "support@rippleeffx.com.au",

  "theme": {
    "primary_color_css": "31317f",
    "secondary_color_css": "29a6df",
    "text_font_name": "Roboto",
    "text_bold_font_name": "Roboto-Bold",
    "text_italic_font_name": "Roboto-Italic",
    "text_bolditalic_font_name": "Roboto-BoldItalic",
    "icon_font_name": "cc-icons-1"
  },

  "features": {
    "any": {
    },

    "debug": {
    },

    "alpha": {
    },

    "beta": {
    },

    "rc": {
    },

    "production": {
    }
  },

  "keys": {
    "any": {
    },

    "debug": {
    },

    "alpha": {
    },

    "beta": {
    },

    "rc": {
    },

    "production": {
    }
  }
}