{
    "application": {
        "name": "YogaFitPro",
        "id": "YF",
        "customer_name": "YogaFit",
        "app_store_build": false,
        "support_email": "support@yogafit.com"
    },

    "keys": {
        "testflight": "dc31a1da-cd84-4d2a-b557-a30a29d5d5b4",
        "parse_application": "VdKTvNhfzmbA9sm6DxLF2W6cdyehqYZMIXGMHuIJ",
        "parse_client": "vMw4w5ucLICZw1FAvlqq1rnt1Jy7JJZ5o1GSRFs8",
        "crashlytics": "61b1074986d852a613cdbddc43992fa8197cb1d3",
        "segmentio": "x5bpsxyamm"
    },

    "endpoints": {
        "mobile_api": "mobile--api--production-herokuapp-com-n8cjpz96seua.runscope.net",
        "secure": false
    },

    "settings": {
        "grace_hours": 168,
        "grace_final_hours": 24,
        "segmentio_flush_at": 1
    },

    "features": {
        "subscription": true
    }

}