{
    "application": {
        "name": "YogaFitPro",
        "id": "YF",
        "customer_name": "YogaFit",
        "app_store_build": false,
        "support_email": "support@yogafit.com"
    },

    "keys": {
        "testflight": "dc31a1da-cd84-4d2a-b557-a30a29d5d5b4",
        "parse_application": "WfI9WbDDsGvoYAFFdO7NH5dowwwxrkQzQLgM8cD6",
        "parse_client": "r40g48PKlTAGcEcxk9893PdR8vLhDW0YmsIrdXjk",
        "crashlytics": "61b1074986d852a613cdbddc43992fa8197cb1d3",
        "segmentio": "tapktq9w7l"
    },

    "endpoints": {
        "mobile_api": "mobile--api--staging-herokuapp-com-dtxbhhcbyfd8.runscope.net",
        "secure": false
    },

    "settings": {
        "grace_hours": 168,
        "grace_final_hours": 24,
        "segmentio_flush_at": 1
    },

    "features": {
        "subscription": true
    }

}