{
    "application": {
        "name": "InstituteOfMotion",
        "id": "IOMP",
        "customer_name": "Institute Of Motion",
        "app_store_build": false
    },

    "keys": {
        "testflight": "dc31a1da-cd84-4d2a-b557-a30a29d5d5b4",
        "parse_application": "su32WJm9ahHlkVTcmrs19qKaJ1vEnzOS6rvu4fHQ",
        "parse_client": "LsJzCL0IbxMfvmx0HSgNHLDlpZuWe62rdhK6Km99",
        "crashlytics": "61b1074986d852a613cdbddc43992fa8197cb1d3",
        "segmentio": "tapktq9w7l"
    },

    "endpoints": {
        "mobile_api": "mobile--api--staging-herokuapp-com-dtxbhhcbyfd8.runscope.net",
        "secure": false
    },

    "settings": {
        "grace_hours": 168,
        "grace_final_hours": 24
    },

    "features": {
        "subscription": true
    }

}