{
    "application": {
        "name": "InstituteOfMotion",
        "id": "IOMP",
        "customer_name": "Institute Of Motion",
        "app_store_build": true
    },

    "keys": {
        "testflight": "dc31a1da-cd84-4d2a-b557-a30a29d5d5b4",
        "parse_application": "1TexOGzVgaWdW2H6rQIQ65ApDwjxByu2JCBCcaJo",
        "parse_client": "UyK6PosPMSRzsRlHZUGHiiwHCFH1kkNdnqXVzJQ1",
        "crashlytics": "61b1074986d852a613cdbddc43992fa8197cb1d3",
        "segmentio": "4n9ihl8uur"
    },

    "endpoints": {
        "mobile_api": "mobile--api--production-herokuapp-com-n8cjpz96seua.runscope.net",
        "secure": false
    },

    "settings": {
        "grace_hours": 168,
        "grace_final_hours": 24
    },

    "features": {
        "subscription": true
    }

}