{
    "application": {
        "name": "InstituteOfMotion",
        "id": "IOMP",
        "customer_name": "Institute Of Motion",
        "app_store_build": false
    },

    "keys": {
        "testflight": "dc31a1da-cd84-4d2a-b557-a30a29d5d5b4",
        "parse_application": "Qs0h2EXj9KiEWG1P9f00FFmyOLBsSDckZIYAuwzn",
        "parse_client": "ztRDMLuCW4UoXgaoSfTUFOeDoCEQ0cfvLRSbtLmJ",
        "crashlytics": "61b1074986d852a613cdbddc43992fa8197cb1d3",
        "segmentio": "cilnqvsxk7"
    },

    "endpoints": {
        "mobile_api_alpha": "mobile--api--development-herokuapp-com-28hunbgfmnaf.runscope.net",
        "mobile_api": "mobile--api--staging-herokuapp-com-dtxbhhcbyfd8.runscope.net",
        "mobile_api_rc": "mobile--api--production-herokuapp-com-n8cjpz96seua.runscope.net",
        "secure": false
    },

    "settings": {
        "grace_hours": 168,
        "grace_final_hours": 24
    },

    "features": {
        "subscription": true
    }

}