{
    "application": {
        "name": "TotalGymPro",
        "id": "TG",
        "customer_name": "Total Gym Pro",
        "app_store_build": false
    },

    "keys": {
        "testflight": "2e6e2f2a-55e4-4d4f-a806-7b0280fe370c",
        "parse_application": "1TexOGzVgaWdW2H6rQIQ65ApDwjxByu2JCBCcaJo",
        "parse_client": "UyK6PosPMSRzsRlHZUGHiiwHCFH1kkNdnqXVzJQ1",
        "crashlytics": "61b1074986d852a613cdbddc43992fa8197cb1d3",
        "segmentio": "4n9ihl8uur"
    },

    "endpoints": {
        "mobile_api": "sqcore.herokuapp.com",
        "secure": true
    },

    "settings": {
        "grace_hours": 168,
        "grace_final_hours": 24,
        "segmentio_flush_at": 1
    },

    "features": {
        "subscription": true
    }

}